Name,address,mobile_no,crime,date,disposition/sentence,city,criminal_id,adhaar_no
Marc Wilmore,47 MySakila Drive,7000559442,"Assault, No Weapon",2016-08-25,dischrarged,Alberta,181,535846616
Valentina Garza,28 MySQL Boulevard,7001881257,"Assault, w/Weapon",2011-10-20,released,QLD,185,486289493
J. Stewart Burns,23 Workhaven Lane,7001742795,Vandalism,2020-06-18,fined,Alberta,186,794015808
Stephanie Gillis,1411 Lillydale Drive,7001076907,"Threat, Phone Call",2018-05-28,sentenced,QLD,193,321492399
Laurie Biernacki,1913 Hanoi Way,7000204761,Threat,2013-07-04,charges withdrawn,Nagasaki,195,445369482
Matthew Faughnan,1121 Loja Avenue,7001647419,Vandalism,2019-11-01,dischrarged,California,207,682310840
Ron Hauge,692 Joliet Street,7001990960,Threat,2011-12-30,released,Attika,210,808580444
James L. Brooks,1566 Inegl Manor,7001633995,Vandalism,2016-02-15,fined,Mandalay,220,363989431
Joel H. Cohen,53 Idfu Parkway,7001203515,"Assault, No Weapon",2019-08-23,sentenced,Nantou,222,578700872
Jeff Westbrook,1795 Santiago de Compostela Way,7001258824,Threat,2011-10-08,charges withdrawn,Texas,191,547521239
Chris Clements,900 Santiago de Compostela Parkway,7000744828,Other,2016-04-03,dischrarged,Central Serbia,198,130391873
Scott Brutz,478 Joliet Way,7002187735,"Threat, Phone Call",2016-06-22,released,Hamilton,200,201364512
Tom Klein,613 Korolev Drive,7001570415,"Threat, Phone Call",2013-01-31,fined,Masqat,202,358204372
Mike B. Anderson,1531 Sal Drive,7000472696,Vandalism,2011-12-26,sentenced,Esfahan,214,441174378
Bob Anderson,1542 Tarlac Parkway,7000122402,Other,2012-05-22,charges withdrawn,Kanagawa,216,905903528
Dan Castellaneta,808 Bhopal Manor,7000094531,Vandalism,2011-04-08,dischrarged,Haryana,227,406138575
Matt Groening,270 Amroha Parkway,7001096906,Other,2020-11-30,released,Osmaniye,176,525658888
Ian Maxtone-Graham,770 Bydgoszcz Avenue,7001404958,"Assault, No Weapon",2014-02-05,fined,California,179,618358610
Kevin Curran,419 Iligan Lane,7000509642,Robbery,2013-10-05,sentenced,Madhya Pradesh,260,768600665
Hank Azaria,360 Toulouse Parkway,7000673547,"Assault, w/Weapon",2011-06-11,charges withdrawn,England,265,774590275
Michael Price,270 Toulon Boulevard,7001446897,"Assault, w/Weapon",2019-03-25,dischrarged,Kalmykia,271,578944636
Harry Shearer,320 Brest Avenue,7000382157,Threat,2019-11-15,released,Kaduna,275,110061324
John Frink,1417 Lancaster Avenue,7002323072,Other,2010-04-25,fined,Northern Cape,282,755598629
Matt Selman,1688 Okara Way,7002242419,Robbery,2014-01-09,sentenced,Nothwest Border Prov,287,300834175
Don Payne,262 A Corua (La Corua) Parkway,7001454313,Battery,2014-06-14,charges withdrawn,Dhaka,298,968556344
Al Jean,28 Charlotte Amalie Street,7002224393,Other,2013-12-23,dischrarged,Rabat-Sal-Zammour-Z,300,898236881
Tim Long,1780 Hino Boulevard,7001005838,Vandalism,2018-05-17,released,Liepaja,302,684272474
Alf Clausen,96 Tafuna Way,7001394038,Threat,2011-01-22,fined,Crdoba,305,50537347
Brian Kelley,934 San Felipe de Puerto Plata Street,7001615108,"Assault, w/Weapon",2018-04-25,sentenced,Sind,309,505935029
Billy Kimball,18 Duisburg Boulevard,7000288922,Burglary,2011-08-14,charges withdrawn,,316,337717978
Bobby Mackston,217 Botshabelo Place,7000409302,"Assault, w/Weapon",2013-03-20,dischrarged,Southern Mindanao,326,79489289
Colm Meaney,1425 Shikarpur Manor,7001136346,Robbery,2016-01-25,released,Bihar,232,897709622
Erika Isabel Vega,786 Aurora Avenue,7001148706,Vandalism,2011-10-19,fined,Yamaguchi,235,83889110
Larina Jean Adamson,1668 Anpolis Street,7001361973,"Assault, No Weapon",2013-01-06,sentenced,Taipei,240,775742714
Jesse D. Miller,33 Gorontalo Way,7000988012,Vandalism,2012-08-20,charges withdrawn,West Bengali,248,444116379
Richard Manginsay,176 Mandaluyong Place,7001404835,"Assault, No Weapon",2012-03-11,dischrarged,Uttar Pradesh,253,412195028
Nancy Kruse,127 Purnea (Purnia) Manor,7000354962,"Assault, No Weapon",2010-01-19,released,Piemonte,256,974536169
Eric S. Keyes,61 Tama Street,7000770967,"Assault, No Weapon",2012-03-20,fined,Okayama,277,555871727
Lance Kramer,391 Callao Drive,7000201170,"Threat, Phone Call",2015-07-20,sentenced,Midi-Pyrnes,288,821853477
James Anthony Marquez,334 Munger (Monghyr) Lane,7000756349,"Assault, w/Weapon",2012-03-17,charges withdrawn,Markazi,293,134239669
Mark�ta Irglov�,1440 Fukuyama Loop,7001454469,Vandalism,2013-03-12,dischrarged,Henan,318,337519125
Richard Sakai,269 Cam Ranh Parkway,7002173263,Other,2014-04-18,released,Chisinau,322,392580962
Mike Battle,306 Antofagasta Place,7000378921,Vandalism,2012-11-10,fined,Esprito Santo,367,371887149
Chuck Sheetz,671 Graz Street,7001986582,Vandalism,2017-08-08,sentenced,Oriental,372,455232670
Karl Wiedergott,42 Brindisi Place,7002064773,Other,2018-03-19,charges withdrawn,Yerevan,385,564005392
Pamela Hayden,1632 Bislig Avenue,7002223436,Other,2020-09-23,dischrarged,Nonthaburi,393,55546736
Max Pross,1447 Imus Way,7001278039,Simple Assault,2013-07-24,released,Tahiti,402,232165879
Jefferson R. Weekley,1998 Halifax Drive,7002023348,"Assault, No Weapon",2015-10-18,fined,Lipetsk,404,789529301
Scott D. Greenberg,1718 Valencia Street,7001023593,Vandalism,2013-06-13,sentenced,Antofagasta,1,130180863
Matthew Schofield,46 Pjatigorsk Lane,7001785937,"Assault, w/Weapon",2011-09-11,charges withdrawn,Moscow (City),2,590989839
Patty Shinagawa,686 Garland Manor,7001041710,"Assault, No Weapon",2019-06-24,dischrarged,Cear,3,951852263
Lynna Blankenship,909 Garland Manor,7000148957,Vandalism,2013-03-09,released,Tatarstan,420,543016721
Mike Reiss,725 Isesaki Place,7000361825,Bomb Threat,2017-10-28,fined,Mekka,423,653205393
Jeff Topping,115 Hidalgo Parkway,7000102559,"Assault, No Weapon",2019-03-03,sentenced,Khartum,331,985316990
Carolyn Omine,1135 Izumisano Parkway,7001307525,"Assault, No Weapon",2019-09-01,charges withdrawn,California,336,581802860
Sooan Kim,939 Probolinggo Loop,7001369560,"Assault, w/Weapon",2017-12-24,dischrarged,Galicia,341,657193841
Nelson Shin,17 Kabul Boulevard,7001898421,Bomb Threat,2010-07-25,released,Chiba,346,24589453
Michael Polcino,1964 Allappuzha (Alleppey) Street,7001641823,Vandalism,2017-08-31,fined,Yamaguchi,352,813063309
Richard Hinds Jr.,1697 Kowloon and New Kowloon Loop,7000296890,Bomb Threat,2014-01-24,sentenced,Moskova,358,780928701
Sam Im,1668 Saint Louis Place,7000352627,Other,2012-05-17,charges withdrawn,Tahiti,361,266419668
Lena Podesta,943 Tokat Street,7002138895,Bomb Threat,2012-04-08,dischrarged,Vaduz,32,51894727
Jon L. Hooper,1114 Liepaja Street,7001800811,"Threat, Phone Call",2010-12-06,released,Sarawak,33,513136391
Victor Pesavento,1213 Ranchi Parkway,7000895033,"Threat, Phone Call",2014-02-20,fined,Karnataka,162,84842886
Amy Rychlick,81 Hodeida Way,7001120065,"Assault, No Weapon",2017-02-16,sentenced,Rajasthan,167,841969665
Charles Ragins,915 Ponce Place,7002343825,"Threat, Phone Call",2010-09-06,charges withdrawn,Basel-Stadt,170,537821707
Travis Powers,1717 Guadalajara Lane,7000007728,"Assault, No Weapon",2018-01-24,dischrarged,Missouri,419,267998964
Karen Carnegie Johnson,1214 Hanoi Way,7000568485,Vandalism,2015-01-14,released,Nebraska,445,532772216
Felix Sanchez,1966 Amroha Avenue,7000670657,"Assault, w/Weapon",2016-07-04,fined,Sichuan,459,19363280
Victor E. Almaguer,698 Otsu Street,7001569700,Burglary,2010-05-05,sentenced,Cayenne,4,179464498
N. Vyolet Diaz,1150 Kimchon Manor,7001336171,"Assault, w/Weapon",2012-04-14,charges withdrawn,Skne ln,5,237721940
Rick Salonga,1586 Guaruj Place,7001224115,"Assault, No Weapon",2014-04-05,dischrarged,Hunan,6,261795299
Jim Reardon,57 Arlington Manor,7000346205,Vandalism,2012-10-23,released,Madhya Pradesh,7,812919024
Derek Casari,1031 Daugavpils Parkway,7000800617,Vandalism,2019-02-14,fined,Bchar,8,472918967
Alex Ruiz,1124 Buenaventura Drive,7000632472,"Threat, Phone Call",2017-01-28,sentenced,Mekka,9,793146149
Martin Alvarez,492 Cam Ranh Street,7000877889,"Threat, Phone Call",2013-05-25,charges withdrawn,Eastern Visayas,10,411331274
Cynthia Neill Knizek,89 Allappuzha (Alleppey) Manor,7000751818,Vandalism,2011-02-04,dischrarged,National Capital Reg,11,342194513
Tommy Tejeda,1947 Poos de Caldas Boulevard,7001408444,"Assault, No Weapon",2018-11-12,released,Chiayi,12,797746806
Ely Lester,1206 Dos Quebradas Place,7001239764,"Assault, No Weapon",2015-05-19,fined,So Paulo,15,546811290
Teresa Potter-Heimark,1551 Rampur Lane,7001990490,Robbery,2018-11-04,sentenced,Changhwa,16,228033815
Beth S. Morris,602 Paarl Street,7000998623,"Threat, Phone Call",2010-07-27,charges withdrawn,Pavlodar,18,735233801
Sean Coons,1692 Ede Loop,7001449714,Vandalism,2010-12-12,dischrarged,So Paulo,19,886774962
Andrea Schell,936 Salzburg Lane,7001734533,Robbery,2017-07-08,released,Uttar Pradesh,28,560892782
Orlando Baeza,586 Tete Way,7001336468,"Assault, w/Weapon",2020-02-27,fined,Kanagawa,29,325437550
Jennifer Moeller,1888 Kabul Drive,7001392162,"Assault, No Weapon",2013-05-09,sentenced,Oyo & Osun,30,304275693
Rene Vega,320 Baiyin Parkway,7000382729,Vandalism,2019-09-01,charges withdrawn,Mahajanga,13,184175121
Jung A. Yoo,927 Baha Blanca Parkway,7001351267,Vandalism,2016-01-28,dischrarged,Krim,14,776671892
Alex Que,929 Tallahassee Loop,7000838553,Vandalism,2012-07-11,released,Gauteng,36,944889328
John Liu,125 Citt del Vaticano Boulevard,7002146675,Vandalism,2017-12-31,fined,Puebla,37,17708926
Alan Decker,1557 Ktahya Boulevard,7001050068,"Assault, w/Weapon",2011-07-19,sentenced,England,42,197971392
Ray Miceli,870 Ashqelon Loop,7000204297,Vandalism,2017-03-26,charges withdrawn,Songkhla,17,483995721
Emily Blunt,1740 Portoviejo Avenue,7000871493,"Assault, No Weapon",2013-12-04,dischrarged,Sucre,20,834789697
Alberto Santiago,1942 Ciparay Parkway,7000696360,Vandalism,2018-04-19,released,Cheju,23,937123827
Joe Saunders,1926 El Alto Avenue,7001057222,Vandalism,2019-10-02,fined,Buenos Aires,25,14726005
Viorel Voronca,1952 Chatsworth Drive,7000954143,Threat,2011-10-10,sentenced,Guangdong,26,710336772
Patrick Buchanan,1370 Le Mans Avenue,7002390123,Assault,2010-05-30,charges withdrawn,Brunei and Muara,31,423914166
Ronny Cox,984 Effon-Alaiye Avenue,7001236772,Vandalism,2010-11-13,dischrarged,Gois,34,317105476
Eric Loudon,832 Nakhon Sawan Manor,7000000935,Vandalism,2012-05-11,released,Inner Mongolia,38,141754479
Oscar Pangestu,152 Kitwe Parkway,7001757792,Vandalism,2018-06-11,fined,Caraga,40,31329298
Dane Romley,1697 Tanauan Lane,7001359329,Threat,2012-05-18,sentenced,Punjab,41,270212114
Joe Goyette,1308 Arecibo Way,7000802592,Vandalism,2010-03-10,charges withdrawn,Georgia,44,222582738
Mary Orario-Natale,1599 Plock Drive,7000070736,Threat,2019-01-27,dischrarged,Tete,46,788782459
Cynthia Jill French,669 Firozabad Loop,7000473196,Assault,2017-07-14,released,Abu Dhabi,48,239602197
Walter Gonzalez,588 Vila Velha Manor,7000066578,Vandalism,2017-09-14,fined,Kyongsangbuk,51,712065207
Rudi Berden,1913 Kamakura Place,7001639280,Vandalism,2010-07-19,sentenced,Lipetsk,52,990576371
Rick Moser,733 Mandaluyong Place,7000653219,Threat,2013-07-21,charges withdrawn,Asir,56,121051517
Trevor C. Johnson,659 Vaduz Drive,7001413313,Assault,2015-08-07,dischrarged,Ha Darom,64,960862186
Larry Field,1177 Jelets Way,7000970834,Threat,2017-06-23,released,Kwara & Kogi,127,267723
Adam Greeley,1386 Yangor Avenue,7000573071,Vandalism,2019-02-21,fined,Provence-Alpes-Cte,135,624650020
Nikki Isordia,454 Nakhon Sawan Boulevard,7000687255,Vandalism,2010-06-18,sentenced,Funafuti,141,849766043
Jaspreet Dhillon,1867 San Juan Bautista Tuxtepec Avenue,7002206419,Vandalism,2019-05-04,charges withdrawn,Ivanovo,149,374826507
Julia Fitzmaurice,1532 Dzerzinsk Way,7000573304,"Assault, No Weapon",2013-01-12,dischrarged,Buenos Aires,153,512934174
Ernie Keen,1002 Ahmadnagar Manor,7000500850,"Assault, No Weapon",2011-08-25,released,Mxico,58,440810968
Rosanna Lyons,682 Junan Way,7002292917,"Assault, No Weapon",2016-03-19,fined,North West,61,629055629
Maeve McGrath,804 Elista Drive,7000816621,Vandalism,2013-05-02,sentenced,Hubei,106,944814645
Natasha Wicke,1378 Alvorada Avenue,7002211799,Assault,2018-08-27,charges withdrawn,Distrito Federal,111,64566066
Jeff Johnson,793 Cam Ranh Avenue,7002341837,Vandalism,2020-09-07,dischrarged,California,113,697711462
John Krause,1079 Tel Aviv-Jaffa Boulevard,7001239259,Assault,2019-08-09,released,Sucre,125,386048955
Yelena Geodakyan,442 Rae Bareli Place,7001086548,Vandalism,2019-06-30,fined,Nordrhein-Westfalen,129,782957063
Matt Marshall,1107 Nakhon Sawan Avenue,7002111129,Vandalism,2020-12-14,sentenced,Mxico,151,649785386
Ashley Brooke Cooper,544 Malm Parkway,7002298613,Assault,2015-11-04,charges withdrawn,Central Java,67,939354632
Greg Checketts,1967 Sincelejo Place,7002056930,Threat,2016-02-09,dischrarged,Gujarat,70,974531066
Michael Nobori,333 Goinia Way,7000605927,Assault,2015-12-17,released,Texas,54,195583931
Oscar Cervantes,1987 Coacalco de Berriozbal Loop,7002393223,Vandalism,2010-09-28,fined,al-Qalyubiya,57,768498764
Michael Miller,241 Mosul Lane,7001658524,Vandalism,2020-02-21,sentenced,Risaralda,21,592347731
Robyn Anderson,211 Chiayi Drive,7002298926,Assault,2013-08-23,charges withdrawn,Uttar Pradesh,22,695332692
Jeremy Robinson,1175 Tanauan Way,7000203824,Assault,2011-11-15,dischrarged,Lima,24,561144203
Jack Dyer,117 Boa Vista Way,7001159114,Threat,2016-01-17,released,Uttar Pradesh,27,474672176
Lucas Gray,848 Tafuna Manor,7000770534,Vandalism,2018-03-06,fined,Ktahya,94,926693637
Kent Rice,569 Baicheng Lane,7000850563,Vandalism,2010-11-01,sentenced,Gauteng,97,903343033
Jess Espanola,1666 Qomsheh Drive,7000450979,Assault,2017-09-15,charges withdrawn,So Paulo,100,964489354
Chris Bolden,801 Hagonoy Drive,7001918958,Threat,2011-07-11,dischrarged,Smolensk,103,360442192
Bill Higley,1050 Garden Grove Avenue,7002174798,Threat,2014-09-03,released,Slaskie,107,392216182
Mike Morris,1854 Tieli Street,7001467140,Vandalism,2013-09-13,fined,Shandong,109,250125091
Colin Contreary,758 Junan Lane,7000960873,Vandalism,2017-05-16,sentenced,Gois,112,867183358
Erick T. Tran,1752 So Leopoldo Parkway,7001138401,Vandalism,2015-11-16,charges withdrawn,Taka-Karpatia,115,880142578
Holly Pitrago,898 Belm Manor,7001900533,Assault,2012-05-05,dischrarged,Free State,119,927583172
Gerald Clifford Rey,261 Saint Louis Way,7001866119,Assault,2017-11-13,released,Coahuila de Zaragoza,123,684963966
Casey E. Coffey,765 Southampton Drive,7000342139,Vandalism,2018-01-29,fined,al-Qalyubiya,137,48078102
George Villaflor,943 Johannesburg Avenue,7000069975,Vandalism,2012-05-16,sentenced,Maharashtra,146,252178639
Eric Dunn,788 Atinsk Street,7000376911,Vandalism,2018-06-05,charges withdrawn,Karnataka,157,445143024
Mark Behar,1749 Daxian Place,7002061404,Threat,2018-05-08,dischrarged,Gelderland,73,277777973
Matthew Herbert,1587 Sullana Lane,7000848637,Vandalism,2017-02-23,released,Inner Mongolia,75,277479535
Desiree E. Craig,1029 Dzerzinsk Manor,7001566213,Assault,2015-03-21,fined,Ynlin,79,593738946
Jabu Henderson,1666 Beni-Mellal Place,7000214869,Vandalism,2012-01-14,sentenced,Tennessee,83,495880299
Jay Fukuto,928 Jaffna Loop,7002258330,Vandalism,2018-01-20,charges withdrawn,Hiroshima,86,901489750
Lejon Douroux,483 Ljubertsy Parkway,7002200056,Vandalism,2014-04-13,dischrarged,Scotland,91,767328868
Jason Bikowski,374 Bat Yam Boulevard,7000064524,Assault,2015-11-14,released,Kilis,424,969376438
Rick Riccio,1027 Songkhla Manor,7000720039,Assault,2012-04-10,fined,Minsk,431,761446045
Paul Newman,999 Sanaa Loop,7002265491,Threat,2017-05-24,sentenced,Gauteng,436,574884692
Will Anderson,879 Newcastle Way,7001729458,Threat,2010-09-20,charges withdrawn,Michigan,452,283581887
Javier Pineda,1337 Lincoln Parkway,7000701278,Threat,2015-07-05,dischrarged,Saitama,465,938145477
John W. Hyde,1952 Pune Lane,7001767509,Vandalism,2018-04-29,dischrarged,Saint-Denis,479,195638140
Rick Polizzi,782 Mosul Street,7000795877,Vandalism,2020-10-20,released,Massachusetts,487,701750864
Michael Bridge,781 Shimonoseki Drive,7001849606,Vandalism,2013-04-22,fined,Michoacn de Ocampo,477,676120592
Denise Donatelli,1560 Jelets Boulevard,7002050568,Threat,2019-07-06,sentenced,Shandong,482,777784204
Elan Trinidad,1963 Moscow Place,7000714466,Battery,2014-06-02,charges withdrawn,Assam,490,290940994
Alfred Cruz,456 Escobar Way,7001489640,Vandalism,2010-06-16,dischrarged,Jakarta Raya,494,962650904
Andrea Romero,798 Cianjur Avenue,7000963948,Assault,2013-08-03,released,Shanxi,504,704599759
Eric Lara,185 Novi Sad Place,7001917677,Vandalism,2014-06-22,fined,Bern,496,958883006
Ben Lane,1367 Yantai Manor,7000342433,Threat,2012-07-17,sentenced,Ondo & Ekiti,175,788051075
Roger Injarusorn,1386 Nakhon Sawan Boulevard,7000283425,Vandalism,2011-01-01,charges withdrawn,Pyongyang-si,178,623666124
Michael D. Mitchell,369 Papeete Way,7002127975,Vandalism,2013-01-05,dischrarged,North Carolina,164,829672870
Eddie Rosas,1440 Compton Place,7002171656,Vandalism,2019-10-17,released,North Austria,165,291519752
Robert Brunette,1623 Baha Blanca Manor,7001496427,Threat,2019-05-09,fined,Moskova,171,481576175
Josh Taback,97 Shimoga Avenue,7000318166,"Assault, No Weapon",2016-12-31,sentenced,Tel Aviv,173,627958011
Heliodoro Salvatierra,1740 Le Mans Loop,7001594496,"Assault, No Weapon",2014-10-16,charges withdrawn,Pays de la Loire,158,250767704
Don Barrozo,1287 Xiangfan Boulevard,7001847281,Vandalism,2012-07-19,dischrarged,Gifu,172,483351477
Amanda Byrnes,842 Salzburg Lane,7001681213,Vandalism,2020-10-06,released,Adana,396,694355730
Joe Montana,154 Tallahassee Loop,7000151337,Threat,2017-06-05,fined,Xinxiang,413,772129468
Louise Jaffe,710 San Felipe del Progreso Avenue,7000477731,Threat,2017-05-18,sentenced,Lilongwe,85,459318066
Young Yoo,1540 Wroclaw Drive,7001557132,Threat,2012-07-09,charges withdrawn,Maharashtra,87,729014229
Carlton Batten,475 Atinsk Way,7000477050,Threat,2017-01-01,dischrarged,Gansu,183,968319358
Mike Pettengill,1294 Firozabad Drive,7000335325,Southeastern,2014-11-13,released,Jiangxi,188,896667205
Tuan Nguyen,1877 Ezhou Lane,7002210614,Assault,2016-09-05,fined,Rajasthan,189,881145565
Matt Battle,316 Uruapan Street,7000971567,Vandalism,2011-11-22,sentenced,Perak,204,782837478
Bradley Winters,29 Pyongyang Loop,7001521583,Arson,2019-03-13,charges withdrawn,Batman,190,207785218
Sergio Guerra,1010 Klerksdorp Way,7000833469,Threat,2010-03-25,dischrarged,Steiermark,197,762803758
Richard K. Chung,1848 Salala Boulevard,7000706963,Assault,2019-06-15,released,Miranda,205,302213019
Debbie Peterson,431 Xiangtan Avenue,7001129899,Threat,2018-07-08,fined,Kerala,206,826704849
Orlando Distor,757 Rustenburg Avenue,7001802467,Battery,2010-08-29,sentenced,Skikda,213,698768232
Ian Wilcox,146 Johannesburg Way,7001828710,Battery,2018-06-26,charges withdrawn,Tamaulipas,219,669192215
Torien Blackwolf,1891 Rizhao Boulevard,7002048590,Battery,2017-07-23,dischrarged,So Paulo,221,152949997
Shane Sowell,1089 Iwatsuki Avenue,7000088283,Assault,2020-01-06,released,Kirov,231,531649676
Norm MacLeod,1410 Benin City Parkway,7001562350,Vandalism,2010-06-14,fined,Risaralda,244,457114185
Michael G. Mahan,682 Garden Grove Place,7002298458,Vandalism,2020-01-30,sentenced,Tennessee,261,123455619
Darrel Bowen,533 al-Ayn Boulevard,7000386661,Battery,2010-11-04,charges withdrawn,California,267,660828227
Stephenie Moffatt,1839 Szkesfehrvr Parkway,7001233471,Vandalism,2019-05-15,dischrarged,Gois,270,46427300
Utit Choomuang,741 Ambattur Manor,7000486275,Vandalism,2016-11-26,released,Noord-Brabant,291,684099214
Cameron Porter,927 Barcelona Street,7000113400,"Assault, w/Weapon",2010-12-23,fined,Chaharmahal va Bakht,226,530376987
Jason D. Warnesky,435 0 Way,7000544026,Burglary,2011-10-10,sentenced,West Bengali,242,631585426
Andy Chen,140 Chiayi Parkway,7001314646,"Assault, w/Weapon",2019-02-04,charges withdrawn,Sumy,247,889000857
Ralph Sosa,1166 Changhwa Street,7002049350,"Assault, No Weapon",2013-10-03,dischrarged,Caraga,258,250360491
Norman P. Auble,891 Novi Sad Manor,7002132097,Vandalism,2018-02-13,released,Ontario,239,889056808
Brent M. Bowen,605 Rio Claro Parkway,7001531991,Vandalism,2017-03-20,fined,Tabora,251,582013683
Steven Dean Moore,1077 San Felipe de Puerto Plata Place,7001950998,"Threat, Phone Call",2012-01-19,sentenced,Rostov-na-Donu,257,949467297
Tom Madrid Jr.,9 San Miguel de Tucumn Manor,7001739533,"Threat, Phone Call",2014-07-05,charges withdrawn,Uttar Pradesh,280,721853794
Kevin M. Newman,447 Surakarta Loop,7001882634,Vandalism,2017-10-10,dischrarged,Nyanza,263,187714389
Ernie Elicanal,345 Oshawa Boulevard,7002238912,"Assault, No Weapon",2010-09-06,released,Tokyo-to,269,411834093
Dexter Reed,1792 Valle de la Pascua Place,7000957668,"Assault, No Weapon",2020-01-20,fined,Nordrhein-Westfalen,60,529095736
Foster,Lakeline Mall,7001204172,"Assault, w/Weapon",2016-06-24,fined,Ahal,254,3848754344
Johnson,Town East Center,7000142493,"Assault, No Weapon",2018-08-17,sentenced,Nordrhein-Westfalen,76,13024045248
Coulter,Fountains On The Lake,7000286308,Vandalism,2020-01-06,charges withdrawn,Maharashtra,80,8263164967
Marlin,Southwest Outlet,7001051193,Vandalism,2015-06-10,dischrarged,Sulawesi Utara,274,18494922573
Smith,Johnson Creek,7000701601,Vandalism,2016-04-24,released,Usak,69,5051722245
Johanson,Blue Ridge Mall,7001524846,Vandalism,2018-02-12,fined,Alto Paran,78,15063068230
Manin,First Colony Mall,7001864400,"Assault, w/Weapon",2011-11-12,sentenced,Santa Catarina,82,18049616594
Smith,Horizon Outlet,7000471350,Vandalism,2014-09-19,charges withdrawn,Kitaa,99,3222708757
Brown,Tanger Factory,7002006969,"Assault, No Weapon",2020-01-29,dischrarged,West Bengali,102,17523962418
Jones,Management Mall,7001419799,Vandalism,2011-12-09,released,Rajasthan,104,19744602151
Bronson,Ohms Road,7002191713,Vandalism,2020-09-16,fined,Aden,116,19133821499
Frank,Factory Merchants,7001654241,Threat,2016-03-20,sentenced,Jilin,117,2510657718
Webster,Cedar Creek Stores,7002070365,Assault,2017-10-10,charges withdrawn,Washington,120,2802149544
Rodriguez,Lone Star Factory,7000875565,Vandalism,2017-09-28,dischrarged,Taizz,128,12125318114
Rubin,Sports Stores @ Tuscola,7000187447,Vandalism,2020-10-17,released,California,130,17518513780
Charles,City Center,7001678155,Vandalism,2012-07-24,fined,Haskovo,122,9712714720
Roberts,St. Louis Marketplace,7001754084,Threat,2016-02-08,sentenced,Gois,124,5581728625
Marder,Medford Outlet Center,7000887461,Vandalism,2012-07-11,fined,Zanzibar West,886,13147430813
Whitehead,Ward Parkway Center,7001125315,Vandalism,2015-10-11,sentenced,Sisilia,888,23646839
Patricia,"93-2501, Blackfriars Road,",7000852702,Threat,2016-12-10,charges withdrawn,Jaroslavl,895,10201546128
Sandy,"Science Park South, Birchwood",7000335166,Assault,2019-01-15,dischrarged,Punjab,897,14646447396
Tracy,251 The Metro Center,7001103524,Vandalism,2012-09-14,charges withdrawn,Saarland,915,5086363533
Bill,Bradford,7000033039,"Assault, No Weapon",2016-10-07,dischrarged,Phnom Penh,114,5768927069
Mary,Galashiels,7000382876,"Assault, No Weapon",2013-10-21,released,Gois,118,10679725861
Sandy,Banbury,7000149764,"Assault, No Weapon",2015-07-13,fined,Botosani,88,20828193923
Holly,Wade Road,7001551667,Assault,2020-08-05,released,Hawalli,131,12941925799
Paul,"586 Fulham Road,",7000815202,Vandalism,2010-10-17,fined,Valle,133,12885043463
Vernon,Knaves Beech Ind.,7001638780,Vandalism,2014-01-01,sentenced,Southern Tagalog,136,739737415
David,"Elmhurst Road, Goring",7002409305,Assault,2015-04-18,charges withdrawn,Chollanam,138,13716402091
Jose,"New Millhouse, 2583 Milton Park",7000721289,Threat,2016-09-17,dischrarged,Karnataka,140,1492975159
Patricia,Wymbush,7000933086,Assault,2013-04-26,released,West Java,143,6086901912
Kenneth,Burgess Hill,7001229868,Vandalism,2016-07-02,fined,Fukushima,145,12145973525
David,Unit 99a Battery Retail Pk,7001482006,"Assault, No Weapon",2019-08-17,released,Central Visayas,159,8463955650